{
  "hp_multi": 2.6799998,
  "dmg_multi": 1.8399999,
  "stat_multi": 1.21,
  "loot_multi": 1.21,
  "higher_rar_chance": 2.1000001,
  "id_rank": 21
}