{
  "hp_multi": 3.6399999,
  "dmg_multi": 2.32,
  "stat_multi": 1.3299999,
  "loot_multi": 1.3299999,
  "higher_rar_chance": 3.3,
  "id_rank": 33
}