{
  "hp_multi": 4.3599997,
  "dmg_multi": 2.6799998,
  "stat_multi": 1.42,
  "loot_multi": 1.42,
  "higher_rar_chance": 4.2000003,
  "id_rank": 42
}