{
  "hp_multi": 5.56,
  "dmg_multi": 3.28,
  "stat_multi": 1.5699999,
  "loot_multi": 1.5699999,
  "higher_rar_chance": 5.7000003,
  "id_rank": 57
}