{
  "hp_multi": 5.7999997,
  "dmg_multi": 3.3999999,
  "stat_multi": 1.5999999,
  "loot_multi": 1.5999999,
  "higher_rar_chance": 6.0,
  "id_rank": 60
}