{
  "hp_multi": 6.3599997,
  "dmg_multi": 3.6799998,
  "stat_multi": 1.67,
  "loot_multi": 1.67,
  "higher_rar_chance": 6.7000003,
  "id_rank": 67
}