{
  "hp_multi": 6.7599998,
  "dmg_multi": 3.8799999,
  "stat_multi": 1.72,
  "loot_multi": 1.72,
  "higher_rar_chance": 7.2000003,
  "id_rank": 72
}