{
  "hp_multi": 7.56,
  "dmg_multi": 4.2799997,
  "stat_multi": 1.8199999,
  "loot_multi": 1.8199999,
  "higher_rar_chance": 8.2,
  "id_rank": 82
}