{
  "hp_multi": 7.64,
  "dmg_multi": 4.3199997,
  "stat_multi": 1.8299999,
  "loot_multi": 1.8299999,
  "higher_rar_chance": 8.3,
  "id_rank": 83
}