{
  "hp_multi": 7.72,
  "dmg_multi": 4.3599997,
  "stat_multi": 1.8399999,
  "loot_multi": 1.8399999,
  "higher_rar_chance": 8.400001,
  "id_rank": 84
}