{
  "hp_multi": 7.7999997,
  "dmg_multi": 4.3999996,
  "stat_multi": 1.8499999,
  "loot_multi": 1.8499999,
  "higher_rar_chance": 8.5,
  "id_rank": 85
}