{
  "hp_multi": 7.8799996,
  "dmg_multi": 4.4399996,
  "stat_multi": 1.8599999,
  "loot_multi": 1.8599999,
  "higher_rar_chance": 8.6,
  "id_rank": 86
}