{
  "hp_multi": 8.440001,
  "dmg_multi": 4.7200003,
  "stat_multi": 1.9300001,
  "loot_multi": 1.9300001,
  "higher_rar_chance": 9.3,
  "id_rank": 93
}